INSERT INTO Cliente(id_cliente,nombre,apellido,correo,teléfono,dirección) VALUES
    ('1', 'Clarie', 'Gunson', 'cgunson0@howstuffworks.com', '(652) 1797267', '75 Eastwood Street'),
    ('2', 'Roxana', 'Lapping', 'rlapping1@123-reg.co.uk', '(923) 3097969', '834 Manitowish Junction'),
    ('3', 'Marcus', 'Eagers', 'meagers2@etsy.com', '(855) 6925858', '13760 Mendota Crossing'),
    ('4', 'Spike', 'Douse', 'sdouse3@behance.net', '(390) 6571106', '92 Porter Court'),
    ('5', 'Reggy', 'Birchwood', 'rbirchwood4@youtube.com', '(599) 6129169', '4381 Nancy Avenue'),
    ('6', 'Josh', 'Samme', 'jsamme5@sbwire.com', '(405) 6777922', '33 Londonderry Alley'),
    ('7', 'Abigael', 'Lydster', 'alydster6@tiny.cc', '(138) 9702762', '5664 Ruskin Circle'),
    ('8', 'Agnella', 'Howley', 'ahowley7@sourceforge.net', '(908) 2025816', '602 Quincy Place'),
    ('9', 'Ella', 'Kenford', 'ekenford8@bandcamp.com', '(272) 4694519', '1 Di Loreto Plaza'),
    ('10', 'Torrin', 'Davidovic', 'tdavidovic9@utexas.edu', '(858) 9021062', '177 Lawn Drive'),
    ('11', 'Shannan', 'Foot', 'sfoota@cbsnews.com', '(930) 2335103', '270 Annamark Place'),
    ('12', 'Aggie', 'Challis', 'achallisb@bandcamp.com', '(475) 1599580', '96 Cardinal Avenue'),
    ('13', 'Issiah', 'Scade', 'iscadec@cdbaby.com', '(301) 2601533', '8 Columbus Lane'),
    ('14', 'Oates', 'Castiglio', 'ocastigliod@dmoz.org', '(132) 2531825', '74184 Gale Circle'),
    ('15', 'Palmer', 'Critchell', 'pcritchelle@yelp.com', '(965) 3507706', '71 Killdeer Hill'),
    ('16', 'Nollie', 'Gaylor', 'ngaylorf@webeden.co.uk', '(387) 4379670', '15 Cherokee Court'),
    ('17', 'Dora', 'Dyball', 'ddyballg@miitbeian.gov.cn', '(571) 2809865', '7683 Carioca Junction'),
    ('18', 'Margaret', 'Sentinella', 'msentinellah@pagesperso-orange.fr', '(916) 4136790', '5 Sullivan Center'),
    ('19', 'Renard', 'McTurlough', 'rmcturloughi@imgur.com', '(657) 5572009', '17 Sachs Alley'),
    ('20', 'Eliza', 'Brownsill', 'ebrownsillj@unesco.org', '(546) 8747184', '91355 Chive Road'),
    ('21', 'Colly', 'McLoney', 'cmcloneyk@webeden.co.uk', '(794) 1658681', '2340 Colorado Drive'),
    ('22', 'Rosanne', 'Kenealy', 'rkenealyl@patch.com', '(424) 8619746', '5495 Old Shore Junction'),
    ('23', 'Ignaz', 'Pollen', 'ipollenm@archive.org', '(222) 3717473', '55 Carioca Junction'),
    ('24', 'Gaston', 'Randalson', 'grandalsonn@storify.com', '(291) 7808148', '9648 Roth Hill'),
    ('25', 'Fidelio', 'Wainscoat', 'fwainscoato@army.mil', '(695) 3950526', '17576 Lotheville Street'),
    ('26', 'Rahel', 'Connaughton', 'rconnaughtonp@wisc.edu', '(600) 1139876', '05176 Hansons Drive'),
    ('27', 'Siana', 'Willerton', 'swillertonq@phoca.cz', '(658) 3878551', '52770 Clyde Gallagher Junction'),
    ('28', 'Kingston', 'O''Calleran', 'kocalleranr@symantec.com', '(387) 6009380', '5 Evergreen Street'),
    ('29', 'Meaghan', 'Lemasney', 'mlemasneys@youtu.be', '(612) 6309586', '74724 Grasskamp Road'),
    ('30', 'Lazarus', 'Casa', 'lcasat@blog.com', '(484) 5975284', '1978 Miller Avenue'),
    ('31', 'Rand', 'Patrick', 'rpatricku@noaa.gov', '(786) 4251607', '952 Bartelt Street'),
    ('32', 'Ezequiel', 'Lumber', 'elumberv@alibaba.com', '(776) 6127044', '42 Maple Drive'),
    ('33', 'Ardis', 'Giovannacc@i', 'agiovannacciw@netlog.com', '(169) 2581787', '6627 Muir Place'),
    ('34', 'Dorine', 'Coghlin', 'dcoghlinx@wikispaces.com', '(288) 9233529', '1714 Elka Terrace'),
    ('35', 'Dimitri', 'Honatsch', 'dhonatschy@storify.com', '(548) 5132662', '47119 Hollow Ridge Plaza'),
    ('36', 'Raphael', 'Dalliwater', 'rdalliwaterz@topsy.com', '(383) 4258136', '1 Arrowood Avenue'),
    ('37', 'Conny', 'Godly', 'cgodly10@icio.us', '(974) 6647078', '7868 Loeprich Terrace'),
    ('38', 'Orren', 'Langhor', 'olanghor11@tumblr.com', '(892) 1532628', '4 Daystar Road'),
    ('39', 'Michelle', 'Cawsey', 'mcawsey12@reference.com', '(324) 7465808', '673 Anhalt Plaza'),
    ('40', 'Marissa', 'Avramovich', 'mavramovich13@nature.com', '(478) 1645223', '5 Kim Plaza'),
    ('41', 'Donelle', 'Learoyd', 'dlearoyd14@dion.ne.jp', '(235) 5654739', '5562 Sherman Street'),
    ('42', 'Luise', 'Cockren', 'lcockren15@sitemeter.com', '(581) 1551757', '3234 Sutteridge Crossing'),
    ('43', 'Kaiser', 'O''Dempsey', 'kodempsey16@cdbaby.com', '(973) 8404560', '091 South Center'),
    ('44', 'Gilligan', 'Messingham', 'gmessingham17@github.com', '(474) 3094797', '031 Dixon Drive'),
    ('45', 'Artair', 'Thayre', 'athayre18@gnu.org', '(578) 8772955', '4 Tennyson Alley'),
    ('46', 'Merrile', 'English', 'menglish19@xing.com', '(169) 3039676', '4552 East Road'),
    ('47', 'Linette', 'Keatch', 'lkeatch1a@wp.com', '(343) 1476843', '7879 Spaight Plaza'),
    ('48', 'Sara', 'Manus', 'smanus1b@acquirethisname.com', '(311) 7508635', '4 Ilene Place'),
    ('49', 'Ludwig', 'Turneaux', 'lturneaux1c@sogou.com', '(838) 4369110', '530 Holmberg Trail'),
    ('50', 'Tallie', 'Chappell', 'tchappell1d@ezinearticles.com', '(409) 2374214', '742 North Avenue'),
    ('51', 'Kerry', 'Baldazzi', 'kbaldazzi1e@51.la', '(847) 6284670', '5341 Burrows Street'),
    ('52', 'Trula', 'Featherstonhaugh', 'tfeatherstonhaugh1f@japanpost.jp', '(604) 8116621', '613 Vidon Terrace'),
    ('53', 'Abdul', 'Astman', 'aastman1g@tinyurl.com', '(580) 6270488', '8553 Rockefeller Avenue'),
    ('54', 'Fay', 'Vile', 'fvile1h@i2i.jp', '(419) 8268610', '67 Mariners Cove Road'),
    ('55', 'Kaitlyn', 'Nind', 'knind1i@ask.com', '(633) 6603656', '235 Hooker Plaza'),
    ('56', 'Roderigo', 'Blasius', 'rblasius1j@fotki.com', '(753) 2679486', '899 Onsgard Pass'),
    ('57', 'Berty', 'Rushford', 'brushford1k@timesonline.co.uk', '(464) 2314169', '49694 Welch Alley'),
    ('58', 'Lorrayne', 'Olyet', 'lolyet1l@salon.com', '(412) 1699796', '1 Saint Paul Way'),
    ('59', 'Dexter', 'Dyer', 'ddyer1m@gizmodo.com', '(595) 4824681', '13246 Pond Junction'),
    ('60', 'Clary', 'Virr', 'cvirr1n@cnbc.com', '(265) 5979197', '386 Acker Trail'),
    ('61', 'Julee', 'Duffy', 'jduffy1o@oaic.gov.au', '(199) 7109049', '48 Kinsman Place'),
    ('62', 'Sidney', 'Shillam', 'sshillam1p@amazon.co.uk', '(524) 9712155', '5144 Larry Lane'),
    ('63', 'Findlay', 'Bedingfield', 'fbedingfield1q@timesonline.co.uk', '(113) 9604180', '1934 Carey Court'),
    ('64', 'Cherilynn', 'Franzewitch', 'cfranzewitch1r@amazon.co.uk', '(334) 1605971', '123 Bunker Hill Point'),
    ('65', 'Bridie', 'Masham', 'bmasham1s@weebly.com', '(721) 9919017', '9 Hoffman Place'),
    ('66', 'Laetitia', 'Kilgallen', 'lkilgallen1t@answers.com', '(478) 1790992', '62 Haas Way'),
    ('67', 'Shir', 'Marcum', 'smarcum1u@ibm.com', '(197) 2115511', '11 Main Pass'),
    ('68', 'Ode', 'Morrison', 'omorrison1v@1688.com', '(280) 6965733', '06 Sommers Drive'),
    ('69', 'Georas', 'Peotz', 'gpeotz1w@answers.com', '(644) 7606792', '5 Straubel Avenue'),
    ('70', 'Joey', 'Abramowsky', 'jabramowsky1x@addthis.com', '(532) 8988643', '6090 Mockingbird Terrace'),
    ('71', 'Lillis', 'Cowup', 'lcowup1y@privacy.gov.au', '(721) 3557555', '8 Kensington Hill'),
    ('72', 'Mariana', 'Banaszczyk', 'mbanaszczyk1z@privacy.gov.au', '(991) 3192650', '34 Ronald Regan Drive'),
    ('73', 'Cassy', 'Bartolomieu', 'cbartolomieu20@cbsnews.com', '(276) 7232227', '0917 Schiller Plaza'),
    ('74', 'Humfried', 'O''Gaven', 'hogaven21@engadget.com', '(390) 7591678', '4820 Riverside Lane'),
    ('75', 'Graeme', 'Sired', 'gsired22@bluehost.com', '(593) 6369648', '712 Vernon Place'),
    ('76', 'Molly', 'Troughton', 'mtroughton23@e-recht24.de', '(728) 7414775', '64 Upham Place'),
    ('77', 'Courtenay', 'Triner', 'ctriner24@china.com.cn', '(421) 3815147', '08 8th Parkway'),
    ('78', 'Hallie', 'Tyght', 'htyght25@wikimedia.org', '(687) 5051807', '11 Florence Center'),
    ('79', 'Adorne', 'Christofol', 'achristofol26@usnews.com', '(997) 6625592', '6 Vera Circle'),
    ('80', 'Ileane', 'Bowller', 'ibowller27@gmpg.org', '(813) 3590557', '90046 Carpenter Circle'),
    ('81', 'Gizela', 'Feasey', 'gfeasey28@icio.us', '(631) 5235994', '0 Grayhawk Avenue'),
    ('82', 'Danice', 'Brotherton', 'dbrotherton29@patch.com', '(632) 8311722', '0724 Northridge Center'),
    ('83', 'Natasha', 'Coslett', 'ncoslett2a@wix.com', '(936) 4566201', '9865 Ohio Road'),
    ('84', 'Prudi', 'Wingeatt', 'pwingeatt2b@github.io', '(845) 8491423', '8 Lukken Avenue'),
    ('85', 'Andreas', 'Barensky', 'abarensky2c@amazonaws.com', '(810) 4439338', '1 Prairie Rose Road'),
    ('86', 'Mortie', 'Woollons', 'mwoollons2d@yelp.com', '(199) 3215976', '861 Lawn Junction'),
    ('87', 'Gordy', 'Treweela', 'gtreweela2e@vk.com', '(580) 3417845', '58502 Acker Way'),
    ('88', 'Ettie', 'Stockney', 'estockney2f@bbc.co.uk', '(183) 8584095', '4160 Menomonie Road'),
    ('89', 'Keith', 'Saywell', 'ksaywell2g@360.cn', '(462) 9325770', '0 Lawn Street'),
    ('90', 'Greta', 'Delea', 'gdelea2h@mozilla.org', '(163) 9286248', '92 Boyd Road'),
    ('91', 'Marabel', 'Brunon', 'mbrunon2i@tamu.edu', '(206) 2745000', '00 Gina Point')
;

INSERT INTO Empleado(id_empleado,nombre,apellido,correo,teléfono) VALUES
    ('1', 'Priscilla', 'Quare', 'pquare0@devhub.com', '(524) 1508711'),
    ('2', 'Ivar', 'Harwin', 'iharwin1@jalbum.net', '(526) 5919289'),
    ('3', 'Jonathan', 'Breede', 'jbreede2@sun.com', '(853) 7929199'),
    ('4', 'Natalie', 'Baugham', 'nbaugham3@ezinearticles.com', '(392) 4376452'),
    ('5', 'Sabrina', 'Pickwell', 'spickwell4@tripod.com', '(396) 8836206'),
    ('6', 'Darleen', 'Matashkin', 'dmatashkin5@statcounter.com', '(287) 4341479'),
    ('7', 'Shem', 'Strond', 'sstrond6@imgur.com', '(486) 2633032'),
    ('8', 'Libby', 'Sheppey', 'lsheppey7@rakuten.co.jp', '(466) 5962744'),
    ('9', 'Peyton', 'Hargrave', 'phargrave8@soundcloud.com', '(519) 3351865'),
    ('10', 'Kipp', 'Cawsy', 'kcawsy9@ucoz.ru', '(902) 7207839'),
    ('11', 'Nat', 'Gammons', 'ngammonsa@apache.org', '(604) 3883823'),
    ('12', 'Foster', 'Farrear', 'ffarrearb@ucoz.com', '(358) 7740586'),
    ('13', 'Henrie', 'Huntriss', 'hhuntrissc@aboutads.info', '(435) 4651526'),
    ('14', 'Archy', 'Dudny', 'adudnyd@amazon.com', '(564) 8071886'),
    ('15', 'Saree', 'Wallworth', 'swallworthe@chron.com', '(436) 6143673'),
    ('16', 'Itch', 'Cussons', 'icussonsf@example.com', '(757) 6695790'),
    ('17', 'Olly', 'Clingoe', 'oclingoeg@123-reg.co.uk', '(996) 3865414'),
    ('18', 'Jo-ann', 'Lamas', 'jlamash@t.co', '(664) 4488246'),
    ('19', 'Anson', 'Jonuzi', 'ajonuzii@cyberchimps.com', '(435) 1642067'),
    ('20', 'Adamo', 'Biggins', 'abigginsj@ask.com', '(921) 7590202')
;

INSERT INTO Estado(id_estado, descripción) VALUES
    ("1","Pendiente"),
    ("2", "En proceso"),
    ("3", "Terminado")
;

INSERT INTO Pedido(id_cliente,id_estado,fecha_creación) VALUES
    ('90', '3', '2020-06-30 04:54:09'),
    ('32', '2', '2020-09-27 06:39:49'),
    ('49', '3', '2020-11-12 03:45:22'),
    ('5', '1', '2020-12-07 10:50:56'),
    ('15', '3', '2020-10-10 20:26:02'),
    ('25', '1', '2020-10-12 04:43:37'),
    ('10', '2', '2020-06-20 15:43:29'),
    ('33', '3', '2020-12-03 11:17:17'),
    ('66', '3', '2020-11-11 18:37:03'),
    ('7', '1', '2021-01-09 21:44:26'),
    ('53', '1', '2020-11-01 10:28:38'),
    ('73', '1', '2020-07-26 08:21:50'),
    ('50', '1', '2021-04-05 17:31:27'),
    ('81', '1', '2021-01-20 02:56:06'),
    ('77', '3', '2020-10-28 22:41:10'),
    ('59', '2', '2021-02-18 03:11:52'),
    ('2', '3', '2020-09-19 07:08:35'),
    ('20', '1', '2021-03-29 05:38:09'),
    ('66', '3', '2020-08-30 02:06:39'),
    ('73', '2', '2020-04-29 19:40:27'),
    ('36', '3', '2020-11-19 04:56:39'),
    ('47', '2', '2020-11-05 06:53:54'),
    ('34', '1', '2021-04-10 04:11:48'),
    ('71', '1', '2021-04-19 04:58:53'),
    ('56', '2', '2021-03-25 15:08:13'),
    ('53', '1', '2021-03-05 03:37:55'),
    ('59', '3', '2021-04-08 08:11:36'),
    ('19', '2', '2021-03-26 17:18:49'),
    ('22', '1', '2021-03-04 19:44:29'),
    ('79', '1', '2020-10-30 07:07:24'),
    ('74', '2', '2021-02-10 04:37:38'),
    ('66', '3', '2021-04-11 05:17:45'),
    ('32', '1', '2020-11-16 09:07:33'),
    ('39', '3', '2021-01-01 03:07:31'),
    ('65', '3', '2021-01-10 16:23:51'),
    ('75', '3', '2021-04-14 05:18:59'),
    ('76', '2', '2020-10-03 08:28:36'),
    ('6', '2', '2020-07-15 14:43:37'),
    ('16', '1', '2020-09-04 20:43:12'),
    ('8', '1', '2021-03-02 00:01:21'),
    ('41', '1', '2020-11-02 06:35:06'),
    ('90', '3', '2021-01-01 21:35:04'),
    ('34', '1', '2020-11-29 01:16:00'),
    ('42', '3', '2020-11-30 11:57:57'),
    ('38', '2', '2020-09-08 01:35:14'),
    ('71', '3', '2020-10-01 00:49:13'),
    ('61', '1', '2020-07-03 15:10:32'),
    ('54', '3', '2021-01-10 13:43:04'),
    ('21', '1', '2020-07-31 23:34:17'),
    ('20', '1', '2020-09-19 01:17:33'),
    ('28', '2', '2020-08-11 14:06:24'),
    ('50', '2', '2021-04-08 11:00:31'),
    ('74', '3', '2021-03-26 23:44:43'),
    ('71', '3', '2020-10-31 20:09:07'),
    ('90', '2', '2021-01-26 04:14:41'),
    ('22', '3', '2021-01-09 07:15:29'),
    ('67', '3', '2020-11-21 22:24:41'),
    ('59', '1', '2021-03-14 16:45:44'),
    ('13', '1', '2021-03-30 12:37:59'),
    ('69', '1', '2020-11-12 14:21:09'),
    ('71', '1', '2020-06-01 16:14:04'),
    ('39', '3', '2020-11-01 15:08:53'),
    ('88', '2', '2020-07-12 00:47:11'),
    ('84', '3', '2021-02-26 19:16:58'),
    ('8', '3', '2020-09-21 12:35:27'),
    ('36', '1', '2021-02-18 23:53:40'),
    ('33', '3', '2021-02-14 08:23:25'),
    ('29', '2', '2021-02-08 01:58:00'),
    ('88', '2', '2021-02-05 15:12:08'),
    ('3', '1', '2020-11-05 15:16:21'),
    ('48', '1', '2020-05-02 03:25:25'),
    ('32', '1', '2020-10-11 14:23:45'),
    ('32', '1', '2021-01-09 13:14:03'),
    ('63', '1', '2020-12-17 14:30:08'),
    ('84', '2', '2021-01-19 21:09:50'),
    ('50', '1', '2020-09-01 15:28:45'),
    ('75', '3', '2020-05-27 21:32:03'),
    ('40', '2', '2021-01-04 20:54:52'),
    ('57', '2', '2020-11-06 00:27:19'),
    ('49', '1', '2020-07-25 20:53:30'),
    ('5', '1', '2021-04-19 16:00:04'),
    ('1', '1', '2020-10-18 22:49:47'),
    ('81', '1', '2020-10-01 00:47:40'),
    ('58', '3', '2020-07-31 17:11:19'),
    ('32', '3', '2020-06-25 16:14:41'),
    ('12', '1', '2020-05-03 15:33:15'),
    ('71', '3', '2020-12-22 14:58:15'),
    ('47', '1', '2021-04-05 04:53:58'),
    ('25', '3', '2020-08-25 18:59:48'),
    ('62', '2', '2021-04-06 08:03:00'),
    ('51', '3', '2020-08-16 11:06:06'),
    ('31', '1', '2020-10-22 21:04:13'),
    ('57', '2', '2020-09-03 05:08:35'),
    ('59', '1', '2020-10-02 05:55:51'),
    ('37', '1', '2020-05-05 15:58:38'),
    ('42', '3', '2020-05-17 06:51:04'),
    ('48', '1', '2020-05-22 18:50:50'),
    ('48', '3', '2021-03-08 07:07:09'),
    ('1', '2', '2020-12-07 01:26:55'),
    ('4', '3', '2020-10-14 00:30:14'),
    ('19', '3', '2021-01-03 07:34:35'),
    ('23', '2', '2020-07-26 15:25:18'),
    ('36', '2', '2020-05-22 05:45:10'),
    ('44', '2', '2020-09-18 08:50:05'),
    ('31', '2', '2020-11-17 08:03:27'),
    ('5', '1', '2020-10-17 02:04:02'),
    ('87', '1', '2020-05-27 09:36:50'),
    ('19', '1', '2020-10-29 12:56:09'),
    ('66', '1', '2021-03-09 13:12:26'),
    ('40', '2', '2020-09-20 22:06:07'),
    ('84', '1', '2021-01-26 11:24:30'),
    ('3', '3', '2020-09-13 13:25:44'),
    ('76', '2', '2020-07-24 20:08:26'),
    ('84', '1', '2020-07-18 02:29:48'),
    ('84', '2', '2020-06-16 05:06:23'),
    ('51', '1', '2021-04-10 14:55:20'),
    ('15', '3', '2021-03-15 17:32:52'),
    ('55', '2', '2020-06-15 03:47:20'),
    ('81', '1', '2021-02-17 21:39:55'),
    ('33', '3', '2020-07-02 19:05:50'),
    ('43', '3', '2020-07-19 21:37:20'),
    ('19', '1', '2020-09-24 07:56:40'),
    ('74', '3', '2020-05-19 03:59:49'),
    ('33', '3', '2021-03-24 15:20:16'),
    ('51', '3', '2021-03-25 03:51:08'),
    ('11', '1', '2020-06-19 08:30:14'),
    ('24', '1', '2020-08-28 16:56:22'),
    ('90', '2', '2021-01-17 22:08:19'),
    ('50', '3', '2021-02-11 23:04:06'),
    ('90', '3', '2020-12-27 20:21:42'),
    ('6', '2', '2020-05-03 02:39:40'),
    ('71', '3', '2020-09-04 02:10:30'),
    ('49', '2', '2021-03-13 20:25:46'),
    ('42', '1', '2020-11-27 16:39:15'),
    ('73', '3', '2020-07-20 20:43:26'),
    ('3', '2', '2020-04-25 10:29:17'),
    ('79', '1', '2021-02-05 07:00:28'),
    ('10', '1', '2020-06-13 10:40:20'),
    ('90', '2', '2020-09-28 04:00:19'),
    ('48', '3', '2020-08-24 14:28:46'),
    ('79', '2', '2021-03-20 13:39:23'),
    ('74', '2', '2020-07-24 21:54:02'),
    ('88', '3', '2021-03-09 06:39:12'),
    ('65', '3', '2020-05-07 23:54:33'),
    ('19', '3', '2020-07-20 11:44:33'),
    ('66', '1', '2020-10-21 23:07:53'),
    ('43', '1', '2020-12-22 09:09:23'),
    ('17', '2', '2021-03-01 17:30:47'),
    ('39', '3', '2021-02-19 00:48:09'),
    ('60', '2', '2021-02-12 17:14:53'),
    ('34', '1', '2021-01-15 08:54:35'),
    ('18', '3', '2020-07-31 07:15:54'),
    ('91', '3', '2021-03-21 21:54:03'),
    ('57', '3', '2020-05-09 06:09:22'),
    ('17', '2', '2021-03-08 15:53:01'),
    ('90', '1', '2020-10-07 07:51:05'),
    ('55', '2', '2021-04-23 17:38:15'),
    ('49', '2', '2020-09-12 15:00:30'),
    ('91', '2', '2020-12-07 03:43:23'),
    ('78', '3', '2020-12-24 16:30:34'),
    ('34', '1', '2021-03-24 10:06:52'),
    ('31', '2', '2020-11-10 06:25:52'),
    ('7', '1', '2021-04-01 10:18:31'),
    ('34', '1', '2021-01-20 03:53:00'),
    ('1', '3', '2020-05-06 20:37:43'),
    ('80', '1', '2020-12-27 14:01:33'),
    ('44', '2', '2021-03-19 14:08:32'),
    ('26', '1', '2021-01-26 20:07:51'),
    ('52', '1', '2020-10-09 00:05:48'),
    ('80', '3', '2021-03-28 23:57:13'),
    ('15', '1', '2020-09-23 08:53:06'),
    ('7', '3', '2020-08-06 16:19:01'),
    ('25', '1', '2020-05-30 08:29:00'),
    ('54', '3', '2020-12-01 14:18:09'),
    ('46', '3', '2020-05-29 15:20:18'),
    ('11', '1', '2021-03-20 05:42:45'),
    ('89', '3', '2020-07-02 02:00:49'),
    ('66', '1', '2020-06-04 00:09:29'),
    ('26', '3', '2020-05-07 06:53:36'),
    ('87', '3', '2020-07-03 17:57:40'),
    ('23', '3', '2020-05-03 00:59:38'),
    ('66', '1', '2020-08-13 11:20:29'),
    ('66', '1', '2021-03-15 20:08:24'),
    ('87', '3', '2021-02-26 12:11:55'),
    ('86', '3', '2021-01-15 17:38:35'),
    ('40', '2', '2021-04-20 08:33:36'),
    ('5', '3', '2021-03-27 22:16:36'),
    ('9', '1', '2021-02-07 12:39:13'),
    ('44', '3', '2021-01-04 00:07:39'),
    ('55', '1', '2020-06-21 04:43:02'),
    ('69', '1', '2020-07-27 01:52:45'),
    ('43', '1', '2020-09-08 07:34:57'),
    ('11', '2', '2020-06-24 19:53:48'),
    ('88', '1', '2020-09-24 17:43:46'),
    ('23', '2', '2020-10-27 12:03:58'),
    ('48', '2', '2020-12-22 03:41:46'),
    ('69', '3', '2020-12-11 10:33:07'),
    ('33', '2', '2021-04-08 05:19:48'),
    ('24', '2', '2020-12-26 17:12:03'),
    ('81', '2', '2020-07-08 16:00:02')
;

INSERT INTO Pizza(id_pizza,nombre,precio) VALUES
    ("1","Clásica Jamón",120.00),
    ("2","Clásica Pepperoni",120.00),
    ("3", "Clásica Queso",110.00)
;

INSERT INTO PedidoPizza(id_pedido,id_pizza,cantidad) VALUES
    (1, '2', 4),
    (2, '2', 2),
    (3, '3', 4),
    (4, '3', 5),
    (5, '2', 5),
    (6, '1', 3),
    (7, '2', 5),
    (8, '2', 3),
    (9, '1', 2),
    (10, '3', 1),
    (11, '2', 4),
    (12, '3', 5),
    (13, '3', 5),
    (14, '3', 5),
    (15, '1', 3),
    (16, '2', 4),
    (17, '3', 5),
    (18, '2', 5),
    (19, '3', 4),
    (20, '3', 4),
    (21, '2', 5),
    (22, '3', 1),
    (23, '3', 2),
    (24, '1', 4),
    (25, '3', 1),
    (26, '2', 4),
    (27, '3', 3),
    (28, '1', 1),
    (29, '2', 3),
    (30, '3', 2),
    (31, '1', 2),
    (32, '3', 1),
    (33, '3', 3),
    (34, '2', 2),
    (35, '1', 2),
    (36, '2', 1),
    (37, '2', 2),
    (38, '3', 3),
    (39, '1', 3),
    (40, '3', 3),
    (41, '2', 4),
    (42, '3', 3),
    (43, '1', 5),
    (44, '1', 5),
    (45, '1', 4),
    (46, '2', 5),
    (47, '3', 1),
    (48, '1', 2),
    (49, '3', 5),
    (50, '3', 2),
    (51, '2', 5),
    (52, '2', 5),
    (53, '2', 4),
    (54, '3', 1),
    (55, '3', 3),
    (56, '2', 4),
    (57, '3', 2),
    (58, '3', 1),
    (59, '1', 1),
    (60, '3', 2),
    (61, '1', 5),
    (62, '2', 4),
    (63, '1', 4),
    (64, '3', 3),
    (65, '1', 1),
    (66, '2', 3),
    (67, '2', 4),
    (68, '2', 2),
    (69, '2', 2),
    (70, '3', 5),
    (71, '3', 4),
    (72, '1', 3),
    (73, '2', 4),
    (74, '2', 1),
    (75, '1', 5),
    (76, '2', 4),
    (77, '1', 4),
    (78, '3', 4),
    (79, '1', 4),
    (80, '3', 1),
    (81, '3', 1),
    (82, '2', 4),
    (83, '1', 2),
    (84, '1', 1),
    (85, '3', 2),
    (86, '3', 3),
    (87, '3', 2),
    (88, '3', 3),
    (89, '1', 4),
    (90, '1', 3),
    (91, '3', 5),
    (92, '2', 2),
    (93, '1', 3),
    (94, '3', 1),
    (95, '1', 5),
    (96, '2', 3),
    (97, '2', 2),
    (98, '3', 2),
    (99, '3', 5),
    (100, '3', 5),
    (101, '1', 5),
    (102, '2', 4),
    (103, '3', 1),
    (104, '2', 1),
    (105, '1', 5),
    (106, '3', 4),
    (107, '3', 5),
    (108, '2', 5),
    (109, '3', 4),
    (110, '1', 2),
    (111, '2', 2),
    (112, '3', 5),
    (113, '1', 1),
    (114, '1', 1),
    (115, '2', 5),
    (116, '2', 5),
    (117, '1', 4),
    (118, '3', 3),
    (119, '2', 1),
    (120, '2', 2),
    (121, '2', 4),
    (122, '3', 5),
    (123, '1', 5),
    (124, '3', 2),
    (125, '2', 1),
    (126, '3', 4),
    (127, '1', 3),
    (128, '3', 5),
    (129, '3', 5),
    (130, '1', 3),
    (131, '1', 4),
    (132, '2', 4),
    (133, '1', 5),
    (134, '3', 2),
    (135, '2', 3),
    (136, '3', 2),
    (137, '1', 3),
    (138, '3', 2),
    (139, '1', 4),
    (140, '3', 1),
    (141, '3', 1),
    (142, '1', 4),
    (143, '2', 1),
    (144, '1', 5),
    (145, '2', 3),
    (146, '1', 1),
    (147, '2', 2),
    (148, '2', 5),
    (149, '2', 4),
    (150, '1', 4),
    (151, '2', 4),
    (152, '3', 5),
    (153, '3', 4),
    (154, '3', 5),
    (155, '1', 5),
    (156, '3', 4),
    (157, '3', 5),
    (158, '3', 2),
    (159, '2', 1),
    (160, '3', 5),
    (161, '2', 1),
    (162, '2', 5),
    (163, '3', 1),
    (164, '1', 1),
    (165, '1', 5),
    (166, '2', 1),
    (167, '2', 2),
    (168, '2', 2),
    (169, '3', 2),
    (170, '2', 5),
    (171, '2', 5),
    (172, '1', 3),
    (173, '3', 1),
    (174, '3', 3),
    (175, '1', 5),
    (176, '3', 1),
    (177, '3', 4),
    (178, '2', 5),
    (179, '2', 1),
    (180, '3', 4),
    (181, '3', 2),
    (182, '1', 4),
    (183, '1', 5),
    (184, '2', 5),
    (185, '2', 4),
    (186, '2', 1),
    (187, '3', 3),
    (188, '1', 1),
    (189, '3', 3),
    (190, '2', 4),
    (191, '3', 3),
    (192, '1', 5),
    (193, '3', 1),
    (194, '3', 1),
    (195, '3', 4),
    (196, '2', 1),
    (197, '3', 4),
    (198, '2', 1),
    (199, '2', 5),
    (200, '1', 4)    
;

INSERT INTO Ingrediente(id_ingrediente,nombre,precio,stock) VALUES
    ('1','Jamón',50.00,500),
    ('2','Pepperoni',45.00,450),
    ('3','Queso Mozarella',40.00,400),
    ('4','Queso Muenster', 45.00, 550),
    ('5', 'Salsa de Tomate', 50.00, 450),
    ('6', 'Masa para pizza',65.00, 600),
    ('7', 'Hongos',65.00, 600),
    ('8', 'Cebolla', 55.00, 500)
;

INSERT INTO PizzaIngrediente(id_pizza,id_ingrediente,cantidad) VALUES
    ('1','1',12),
    ('1','3',1),
    ('1','4',1),
    ('1','5',2),
    ('1','6',1),
    ('2','2',12),
    ('2','3',1),
    ('2','4',1),
    ('2','5',2),
    ('2','6',1),
    ('2','7',7),
    ('2','8',8),
    ('3','3',1),
    ('3','4',1),
    ('3','6',1)
;

INSERT INTO TipoPago(id_pago,descripción) VALUES
    ('1','Efectivo'),
    ('2', 'Tarjeta de Crédito'),
    ('3', 'Tarjeta de Débito')
;

INSERT INTO OrdenEntrega(id_pedido,id_empleado,id_pago,valor_pedido,costo_entrega,fecha_creación,fecha_entrega) VALUES
    (1, '16', '3', 480.00, 20.00,'2020-06-30 04:54:09','2020-06-30 05:54:09'),
    (2, '3', '1', 240.00, 20.00,'2020-09-27 06:39:49','2020-09-27 07:39:49'),
    (3, '12', '1', 440.00, 20.00,'2020-11-12 03:45:22','2020-11-12 04:45:22'),
    (4, '1', '3', 550.00, 20.00,'2020-12-07 10:50:56','2020-12-07 11:50:56'),
    (5, '3', '2', 600.00, 20.00,'2020-10-10 20:26:02','2020-10-10 21:26:02'),
    (6, '12', '1', 360.00, 20.00,'2020-10-12 04:43:37','2020-10-12 05:43:37'),
    (7, '15', '2', 600.00, 20.00,'2020-06-20 15:43:29','2020-06-20 16:43:29'),
    (8, '10', '2', 360.00, 20.00,'2020-12-03 11:17:17','2020-12-03 12:17:17'),
    (9, '4', '3', 240.00, 20.00,'2020-11-11 18:37:03','2020-11-11 19:37:03'),
    (10, '15', '2', 110.00, 20.00,'2021-01-09 21:44:26','2021-01-09 22:44:26'),
    (11, '15', '2', 480.00, 20.00,'2020-11-01 10:28:38','2020-11-01 11:28:38'),
    (12, '8', '3', 550.00, 20.00,'2020-07-26 08:21:50','2020-07-26 09:21:50'),
    (13, '13', '1', 550.00, 20.00,'2021-04-05 17:31:27','2021-04-05 18:31:27'),
    (14, '17', '2', 550.00, 20.00,'2021-01-20 02:56:06','2021-01-20 03:56:06'),
    (15, '8', '1', 360.00, 20.00,'2020-10-28 22:41:10','2020-10-28 23:41:10'),
    (16, '1', '1', 480.00, 20.00,'2021-02-18 03:11:52','2021-02-18 04:11:52'),
    (17, '16', '3', 550.00, 20.00,'2020-09-19 07:08:35','2020-09-19 08:08:35'),
    (18, '5', '2', 600.00, 20.00,'2021-03-29 05:38:09','2021-03-29 06:38:09'),
    (19, '5', '3', 440.00, 20.00,'2020-08-30 02:06:39','2020-08-30 03:06:39'),
    (20, '5', '3', 440.00, 20.00,'2020-04-29 19:40:27','2020-04-29 20:40:27'),
    (21, '2', '2', 600.00, 20.00,'2020-11-19 04:56:39','2020-11-19 05:56:39'),
    (22, '7', '1', 110.00, 20.00,'2020-11-05 06:53:54','2020-11-05 07:53:54'),
    (23, '3', '1', 220.00, 20.00,'2021-04-10 04:11:48','2021-04-10 05:11:48'),
    (24, '7', '3', 480.00, 20.00,'2021-04-19 04:58:53','2021-04-19 05:58:53'),
    (25, '4', '1', 110.00, 20.00,'2021-03-25 15:08:13','2021-03-25 16:08:13'),
    (26, '14', '3', 480.00, 20.00,'2021-03-05 03:37:55','2021-03-05 04:37:55'),
    (27, '16', '3', 330.00, 20.00,'2021-04-08 08:11:36','2021-04-08 09:11:36'),
    (28, '17', '1', 120.00, 20.00,'2021-03-26 17:18:49','2021-03-26 18:18:49'),
    (29, '19', '2', 360.00, 20.00,'2021-03-04 19:44:29','2021-03-04 20:44:29'),
    (30, '7', '3', 220.00, 20.00,'2020-10-30 07:07:24','2020-10-30 08:07:24'),
    (31, '20', '2', 240.00, 20.00,'2021-02-10 04:37:38','2021-02-10 05:37:38'),
    (32, '6', '3', 110.00, 20.00,'2021-04-11 05:17:45','2021-04-11 06:17:45'),
    (33, '18', '1', 330.00, 20.00,'2020-11-16 09:07:33','2020-11-16 10:07:33'),
    (34, '10', '3', 240.00, 20.00,'2021-01-01 03:07:31','2021-01-01 04:07:31'),
    (35, '6', '2', 240.00, 20.00,'2021-01-10 16:23:51','2021-01-10 17:23:51'),
    (36, '2', '1', 120.00, 20.00,'2021-04-14 05:18:59','2021-04-14 06:18:59'),
    (37, '1', '2', 240.00, 20.00,'2020-10-03 08:28:36','2020-10-03 09:28:36'),
    (38, '16', '1', 330.00, 20.00,'2020-07-15 14:43:37','2020-07-15 15:43:37'),
    (39, '10', '1', 360.00, 20.00,'2020-09-04 20:43:12','2020-09-04 21:43:12'),
    (40, '5', '2', 330.00, 20.00,'2021-03-02 00:01:21','2021-03-02 01:01:21'),
    (41, '20', '3', 480.00, 20.00,'2020-11-02 06:35:06','2020-11-02 07:35:06'),
    (42, '8', '3', 330.00, 20.00,'2021-01-01 21:35:04','2021-01-01 22:35:04'),
    (43, '12', '2', 600.00, 20.00,'2020-11-29 01:16:00','2020-11-29 02:16:00'),
    (44, '11', '2', 600.00, 20.00,'2020-11-30 11:57:57','2020-11-30 12:57:57'),
    (45, '18', '2', 480.00, 20.00,'2020-09-08 01:35:14','2020-09-08 02:35:14'),
    (46, '8', '1', 600.00, 20.00,'2020-10-01 00:49:13','2020-10-01 01:49:13'),
    (47, '8', '3', 110.00, 20.00,'2020-07-03 15:10:32','2020-07-03 16:10:32'),
    (48, '13', '3', 240.00, 20.00,'2021-01-10 13:43:04','2021-01-10 14:43:04'),
    (49, '10', '3', 550.00, 20.00,'2020-07-31 23:34:17','2020-08-01 00:34:17'),
    (50, '1', '2', 220.00, 20.00,'2020-09-19 01:17:33','2020-09-19 02:17:33'),
    (51, '18', '1', 600.00, 20.00,'2020-08-11 14:06:24','2020-08-11 15:06:24'),
    (52, '9', '3', 600.00, 20.00,'2021-04-08 11:00:31','2021-04-08 12:00:31'),
    (53, '20', '2', 480.00, 20.00,'2021-03-26 23:44:43','2021-03-27 00:44:43'),
    (54, '16', '1', 110.00, 20.00,'2020-10-31 20:09:07','2020-10-31 21:09:07'),
    (55, '17', '3', 330.00, 20.00,'2021-01-26 04:14:41','2021-01-26 05:14:41'),
    (56, '16', '2', 480.00, 20.00,'2021-01-09 07:15:29','2021-01-09 08:15:29'),
    (57, '19', '2', 220.00, 20.00,'2020-11-21 22:24:41','2020-11-21 23:24:41'),
    (58, '7', '3', 110.00, 20.00,'2021-03-14 16:45:44','2021-03-14 17:45:44'),
    (59, '13', '2', 120.00, 20.00,'2021-03-30 12:37:59','2021-03-30 13:37:59'),
    (60, '16', '2', 220.00, 20.00,'2020-11-12 14:21:09','2020-11-12 15:21:09'),
    (61, '11', '2', 600.00, 20.00,'2020-06-01 16:14:04','2020-06-01 17:14:04'),
    (62, '9', '2', 480.00, 20.00,'2020-11-01 15:08:53','2020-11-01 14:08:53'),
    (63, '12', '1', 480.00, 20.00,'2020-07-12 00:47:11','2020-07-12 01:47:11'),
    (64, '6', '1', 330.00, 20.00,'2021-02-26 19:16:58','2021-02-26 20:16:58'),
    (65, '9', '2', 120.00, 20.00,'2020-09-21 12:35:27','2020-09-21 13:35:27'),
    (66, '11', '2', 360.00, 20.00,'2021-02-18 23:53:40','2021-02-19 00:53:40'),
    (67, '20', '3', 480.00, 20.00,'2021-02-14 08:23:25','2021-02-14 09:23:25'),
    (68, '15', '2', 240.00, 20.00,'2021-02-08 01:58:00','2021-02-08 02:58:00'),
    (69, '12', '2', 240.00, 20.00,'2021-02-05 15:12:08','2021-02-05 16:12:08'),
    (70, '13', '1', 550.00, 20.00,'2020-11-05 15:16:21','2020-11-05 16:16:21'),
    (71, '10', '2', 440.00, 20.00,'2020-05-02 03:25:25','2020-05-02 04:25:25'),
    (72, '7', '2', 360.00, 20.00,'2020-10-11 14:23:45','2020-10-11 15:23:45'),
    (73, '15', '1', 480.00, 20.00,'2021-01-09 13:14:03','2021-01-09 14:14:03'),
    (74, '15', '1', 120.00, 20.00,'2020-12-17 14:30:08','2020-12-17 15:30:08'),
    (75, '1', '3', 600.00, 20.00,'2021-01-19 21:09:50','2021-01-19 22:09:50'),
    (76, '10', '3', 480.00, 20.00,'2020-09-01 15:28:45','2020-09-01 16:28:45'),
    (77, '11', '1', 480.00, 20.00,'2020-05-27 21:32:03','2020-05-27 22:32:03'),
    (78, '6', '2', 440.00, 20.00,'2021-01-04 20:54:52','2021-01-04 21:54:52'),
    (79, '7', '1', 480.00, 20.00,'2020-11-06 00:27:19','2020-11-06 01:27:19'),
    (80, '18', '2', 110.00, 20.00,'2020-07-25 20:53:30','2020-07-25 21:53:30'),
    (81, '3', '1', 110.00, 20.00,'2021-04-19 16:00:04','2021-04-19 17:00:04'),
    (82, '1', '3', 480.00, 20.00,'2020-10-18 22:49:47','2020-10-18 23:49:47'),
    (83, '20', '2', 240.00, 20.00,'2020-10-01 00:47:40','2020-10-01 01:47:40'),
    (84, '15', '2', 120.00, 20.00,'2020-07-31 17:11:19','2020-07-31 18:11:19'),
    (85, '15', '3', 220.00, 20.00,'2020-06-25 16:14:41','2020-06-25 17:14:41'),
    (86, '17', '3', 330.00, 20.00,'2020-05-03 15:33:15','2020-05-03 16:33:15'),
    (87, '14', '3', 220.00, 20.00,'2020-12-22 14:58:15','2020-12-22 15:58:15'),
    (88, '18', '3', 330.00, 20.00,'2021-04-05 04:53:58','2021-04-05 05:53:58'),
    (89, '6', '2', 480.00, 20.00,'2020-08-25 18:59:48','2020-08-25 19:59:48'),
    (90, '10', '1', 360.00, 20.00,'2021-04-06 08:03:00','2021-04-06 09:03:00'),
    (91, '16', '1', 550.00, 20.00,'2020-08-16 11:06:06','2020-08-16 12:06:06'),
    (92, '12', '1', 240.00, 20.00,'2020-10-22 21:04:13','2020-10-22 22:04:13'),
    (93, '15', '3', 360.00, 20.00,'2020-09-03 05:08:35','2020-09-03 06:08:35'),
    (94, '17', '3', 110.00, 20.00,'2020-10-02 05:55:51','2020-10-02 06:55:51'),
    (95, '1', '3', 600.00, 20.00,'2020-05-05 15:58:38','2020-05-05 16:58:38'),
    (96, '4', '3', 360.00, 20.00,'2020-05-17 06:51:04','2020-05-17 07:51:04'),
    (97, '19', '1', 240.00, 20.00,'2020-05-22 18:50:50','2020-05-22 19:50:50'),
    (98, '19', '3', 220.00, 20.00,'2021-03-08 07:07:09','2021-03-08 08:07:09'),
    (99, '12', '3', 550.00, 20.00,'2020-12-07 01:26:55','2020-12-07 02:26:55'),
    (100, '17', '2', 550.00, 20.00,'2020-10-14 00:30:14','2020-10-14 01:30:14'),
    (101, '16', '3', 600.00, 20.00,'2021-01-03 07:34:35','2021-01-03 08:34:35'),
    (102, '11', '2', 480.00, 20.00,'2020-07-26 15:25:18','2020-07-26 16:25:18'),
    (103, '3', '2', 110.00, 20.00,'2020-05-22 05:45:10','2020-05-22 06:45:10'),
    (104, '2', '1', 120.00, 20.00,'2020-09-18 08:50:05','2020-09-18 09:50:05'),
    (105, '5', '2', 600.00, 20.00,'2020-11-17 08:03:27','2020-11-17 09:03:27'),
    (106, '3', '2', 440.00, 20.00,'2020-10-17 02:04:02','2020-10-17 03:04:02'),
    (107, '20', '3', 550.00, 20.00,'2020-05-27 09:36:50','2020-05-27 10:36:50'),
    (108, '11', '1', 600.00, 20.00,'2020-10-29 12:56:09','2020-10-29 13:56:09'),
    (109, '4', '1', 440.00, 20.00,'2021-03-09 13:12:26','2021-03-09 14:12:26'),
    (110, '16', '1', 240.00, 20.00,'2020-09-20 22:06:07','2020-09-20 23:06:07'),
    (111, '7', '1', 240.00, 20.00,'2021-01-26 11:24:30','2021-01-26 12:24:30'),
    (112, '17', '1', 550.00, 20.00,'2020-09-13 13:25:44','2020-09-13 14:25:44'),
    (113, '5', '1', 120.00, 20.00,'2020-07-24 20:08:26','2020-07-24 21:08:26'),
    (114, '8', '2', 120.00, 20.00,'2020-07-18 02:29:48','2020-07-18 03:29:48'),
    (115, '10', '1', 600.00, 20.00,'2020-06-16 05:06:23','2020-06-16 06:06:23'),
    (116, '16', '1', 600.00, 20.00,'2021-04-10 14:55:20','2021-04-10 15:55:20'),
    (117, '17', '1', 480.00, 20.00,'2021-03-15 17:32:52','2021-03-15 18:32:52'),
    (118, '8', '1', 330.00, 20.00,'2020-06-15 03:47:20','2020-06-15 04:47:20'),
    (119, '7', '3', 120.00, 20.00,'2021-02-17 21:39:55','2021-02-17 22:39:55'),
    (120, '2', '3', 240.00, 20.00,'2020-07-02 19:05:50','2020-07-02 20:05:50'),
    (121, '3', '1', 480.00, 20.00,'2020-07-19 21:37:20','2020-07-19 22:37:20'),
    (122, '10', '2', 550.00, 20.00,'2020-09-24 07:56:40','2020-09-24 08:56:40'),
    (123, '19', '2', 600.00, 20.00,'2020-05-19 03:59:49','2020-05-19 04:59:49'),
    (124, '4', '1', 220.00, 20.00,'2021-03-24 15:20:16','2021-03-24 16:20:16'),
    (125, '10', '2', 120.00, 20.00,'2021-03-25 03:51:08','2021-03-25 04:51:08'),
    (126, '11', '1', 440.00, 20.00,'2020-06-19 08:30:14','2020-06-19 09:30:14'),
    (127, '2', '1', 360.00, 20.00,'2020-08-28 16:56:22','2020-08-28 17:56:22'),
    (128, '3', '1', 550.00, 20.00,'2021-01-17 22:08:19','2021-01-17 23:08:19'),
    (129, '5', '2', 550.00, 20.00,'2021-02-11 23:04:06','2021-02-12 00:04:06'),
    (130, '7', '1', 360.00, 20.00,'2020-12-27 20:21:42','2020-12-27 21:21:42'),
    (131, '7', '2', 480.00, 20.00,'2020-05-03 02:39:40','2020-05-03 03:39:40'),
    (132, '10', '1', 480.00, 20.00,'2020-09-04 02:10:30','2020-09-04 03:10:30'),
    (133, '10', '3', 600.00, 20.00,'2021-03-13 20:25:46','2021-03-13 21:25:46'),
    (134, '17', '3', 220.00, 20.00,'2020-11-27 16:39:15','2020-11-27 17:39:15'),
    (135, '7', '1', 360.00, 20.00,'2020-07-20 20:43:26','2020-07-20 21:43:26'),
    (136, '10', '3', 220.00, 20.00,'2020-04-25 10:29:17','2020-04-25 11:29:17'),
    (137, '5', '3', 360.00, 20.00,'2021-02-05 07:00:28','2021-02-05 08:00:28'),
    (138, '13', '3', 220.00, 20.00,'2020-06-13 10:40:20','2020-06-13 11:40:20'),
    (139, '10', '3', 480.00, 20.00,'2020-09-28 04:00:19','2020-09-28 05:00:19'),
    (140, '15', '2', 110.00, 20.00,'2020-08-24 14:28:46','2020-08-24 15:28:46'),
    (141, '9', '1', 110.00, 20.00,'2021-03-20 13:39:23','2021-03-20 14:39:23'),
    (142, '19', '1', 480.00, 20.00,'2020-07-24 21:54:02','2020-07-24 22:54:02'),
    (143, '14', '3', 120.00, 20.00,'2021-03-09 06:39:12','2021-03-09 07:39:12'),
    (144, '19', '1', 600.00, 20.00,'2020-05-07 23:54:33','2020-05-08 00:54:33'),
    (145, '11', '3', 360.00, 20.00,'2020-07-20 11:44:33','2020-07-20 12:44:33'),
    (146, '7', '1', 120.00, 20.00,'2020-10-21 23:07:53','2020-10-22 00:07:53'),
    (147, '9', '3', 240.00, 20.00,'2020-12-22 09:09:23','2020-12-22 10:09:23'),
    (148, '2', '3', 600.00, 20.00,'2021-03-01 17:30:47','2021-03-01 18:30:47'),
    (149, '11', '2', 480.00, 20.00,'2021-02-19 00:48:09','2021-02-19 01:48:09'),
    (150, '5', '2', 480.00, 20.00,'2021-02-12 17:14:53','2021-02-12 18:14:53'),
    (151, '2', '1', 480.00, 20.00,'2021-01-15 08:54:35','2021-01-15 09:54:35'),
    (152, '4', '3', 550.00, 20.00,'2020-07-31 07:15:54','2020-07-31 08:15:54'),
    (153, '19', '3', 440.00, 20.00,'2021-03-21 21:54:03','2021-03-21 22:54:03'),
    (154, '2', '2', 550.00, 20.00,'2020-05-09 06:09:22','2020-05-09 07:09:22'),
    (155, '17', '3', 600.00, 20.00,'2021-03-08 15:53:01','2021-03-08 16:53:01'),
    (156, '2', '2', 440.00, 20.00,'2020-10-07 07:51:05','2020-10-07 08:51:05'),
    (157, '11', '2', 550.00, 20.00,'2021-04-23 17:38:15','2021-04-23 18:38:15'),
    (158, '14', '2', 220.00, 20.00,'2020-09-12 15:00:30','2020-09-12 16:00:30'),
    (159, '5', '3', 120.00, 20.00,'2020-12-07 03:43:23','2020-12-07 04:43:23'),
    (160, '9', '2', 550.00, 20.00,'2020-12-24 16:30:34','2020-12-24 17:30:34'),
    (161, '2', '1', 120.00, 20.00,'2021-03-24 10:06:52','2021-03-24 11:06:52'),
    (162, '19', '1', 600.00, 20.00,'2020-11-10 06:25:52','2020-11-10 07:25:52'),
    (163, '4', '3', 110.00, 20.00,'2021-04-01 10:18:31','2021-04-01 11:18:31'),
    (164, '12', '3', 120.00, 20.00,'2021-01-20 03:53:00','2021-01-20 04:53:00'),
    (165, '1', '3', 600.00, 20.00,'2020-05-06 20:37:43','2020-05-06 21:37:43'),
    (166, '2', '2', 120.00, 20.00,'2020-12-27 14:01:33','2020-12-27 15:01:33'),
    (167, '6', '2', 240.00, 20.00,'2021-03-19 14:08:32','2021-03-19 15:08:32'),
    (168, '19', '3', 240.00, 20.00,'2021-01-26 20:07:51','2021-01-26 21:07:51'),
    (169, '3', '3', 220.00, 20.00,'2020-10-09 00:05:48','2020-10-09 01:05:48'),
    (170, '7', '3', 600.00, 20.00,'2021-03-28 23:57:13','2021-03-29 00:57:13'),
    (171, '7', '1', 600.00, 20.00,'2020-09-23 08:53:06','2020-09-23 09:53:06'),
    (172, '8', '2', 360.00, 20.00,'2020-08-06 16:19:01','2020-08-06 17:19:01'),
    (173, '19', '1', 110.00, 20.00,'2020-05-30 08:29:00','2020-05-30 09:29:00'),
    (174, '10', '1', 330.00, 20.00,'2020-12-01 14:18:09','2020-12-01 15:18:09'),
    (175, '4', '1', 600.00, 20.00,'2020-05-29 15:20:18','2020-05-29 16:20:18'),
    (176, '13', '3', 110.00, 20.00,'2021-03-20 05:42:45','2021-03-20 06:42:45'),
    (177, '7', '2', 440.00, 20.00,'2020-07-02 02:00:49','2020-07-02 03:00:49'),
    (178, '3', '3', 600.00, 20.00,'2020-06-04 00:09:29','2020-06-04 01:09:29'),
    (179, '11', '3', 120.00, 20.00,'2020-05-07 06:53:36','2020-05-07 07:53:36'),
    (180, '13', '3', 440.00, 20.00,'2020-07-03 17:57:40','2020-07-03 18:57:40'),
    (181, '12', '3', 220.00, 20.00,'2020-05-03 00:59:38','2020-05-03 01:59:38'),
    (182, '14', '2', 480.00, 20.00,'2020-08-13 11:20:29','2020-08-13 12:20:29'),
    (183, '4', '3', 600.00, 20.00,'2021-03-15 20:08:24','2021-03-15 21:08:24'),
    (184, '10', '2', 600.00, 20.00,'2021-02-26 12:11:55','2021-02-26 13:11:55'),
    (185, '2', '1', 480.00, 20.00,'2021-01-15 17:38:35','2021-01-15 18:38:35'),
    (186, '10', '3', 120.00, 20.00,'2021-04-20 08:33:36','2021-04-20 09:33:36'),
    (187, '15', '3', 330.00, 20.00,'2021-03-27 22:16:36','2021-03-27 23:16:36'),
    (188, '5', '1', 120.00, 20.00,'2021-02-07 12:39:13','2021-02-07 13:39:13'),
    (189, '12', '1', 330.00, 20.00,'2021-01-04 00:07:39','2021-01-04 01:07:39'),
    (190, '3', '1', 480.00, 20.00,'2020-06-21 04:43:02','2020-06-21 05:43:02'),
    (191, '11', '2', 330.00, 20.00,'2020-07-27 01:52:45','2020-07-27 02:52:45'),
    (192, '7', '2', 600.00, 20.00,'2020-09-08 07:34:57','2020-09-08 08:34:57'),
    (193, '8', '3', 110.00, 20.00,'2020-06-24 19:53:48','2020-06-24 20:53:48'),
    (194, '16', '3', 110.00, 20.00,'2020-09-24 17:43:46','2020-09-24 18:43:46'),
    (195, '3', '2', 440.00, 20.00,'2020-10-27 12:03:58','2020-10-27 13:03:58'),
    (196, '10', '2', 120.00, 20.00,'2020-12-22 03:41:46','2020-12-22 04:41:46'),
    (197, '2', '1', 440.00, 20.00,'2020-12-11 10:33:07','2020-12-11 11:33:07'),
    (198, '14', '2', 120.00, 20.00,'2021-04-08 05:19:48','2021-04-08 06:19:48'),
    (199, '17', '3', 600.00, 20.00,'2020-12-26 17:12:03','2020-12-26 18:12:03'),
    (200, '5', '1', 480.00, 20.00,'2020-07-08 16:00:02','2020-07-08 17:00:02')
;

INSERT INTO PagoEfectivo(id_orden,monto_pagado,cambio) VALUES
    (2, 500.00, 240.00),
    (3, 500.00, 40.00),
    (6, 500.00, 120.00),
    (13, 1000.00, 430.00),
    (15, 500.00, 120.00),
    (16, 500.00, 0.00),
    (22, 500.00, 370.00),
    (23, 500.00, 260.00),
    (25, 500.00, 370.00),
    (28, 500.00, 360.00),
    (33, 500.00, 150.00),
    (36, 500.00, 360.00),
    (38, 500.00, 150.00),
    (39, 500.00, 120.00),
    (46, 1000.00, 380.00),
    (51, 1000.00, 380.00),
    (54, 500.00, 370.00),
    (63, 500.00, 0.00),
    (64, 500.00, 150.00),
    (70, 1000.00, 430.00),
    (73, 500.00, 0.00),
    (74, 500.00, 360.00),
    (77, 500.00, 0.00),
    (79, 500.00, 0.00),
    (81, 500.00, 370.00),
    (90, 500.00, 120.00),
    (91, 1000.00, 430.00),
    (92, 500.00, 240.00),
    (97, 500.00, 240.00),
    (104, 500.00, 360.00),
    (108, 1000.00, 380.00),
    (109, 500.00, 40.00),
    (110, 500.00, 240.00),
    (111, 500.00, 240.00),
    (112, 1000.00, 430.00),
    (113, 500.00, 360.00),
    (115, 1000.00, 380.00),
    (116, 1000.00, 380.00),
    (117, 500.00, 0.00),
    (118, 500.00, 150.00),
    (121, 500.00, 0.00),
    (124, 500.00, 260.00),
    (126, 500.00, 40.00),
    (127, 500.00, 120.00),
    (128, 1000.00, 430.00),
    (130, 500.00, 120.00),
    (132, 500.00, 0.00),
    (135, 500.00, 120.00),
    (141, 500.00, 370.00),
    (142, 500.00, 0.00),
    (144, 1000.00, 380.00),
    (146, 500.00, 360.00),
    (151, 500.00, 0.00),
    (161, 500.00, 360.00),
    (162, 1000.00, 380.00),
    (171, 1000.00, 380.00),
    (173, 500.00, 370.00),
    (174, 500.00, 150.00),
    (175, 1000.00, 380.00),
    (185, 500.00, 0.00),
    (188, 500.00, 360.00),
    (189, 500.00, 150.00),
    (190, 500.00, 0.00),
    (197, 500.00, 40.00),
    (200, 500.00, 0.00)
;